text,id,class1,class2,class3,worker1,worker2,worker3,majority_label,agree_strict,agree,label_3times,worker_amt1,worker_amt2,worker_amt3
"@4therepublicyt @spotify Well then. I block trolls, so have fun with that, jackass.I hope your wife doesn't end up like so many other white women who cross the lines.",102580904491418892_gab,"hatespeech, fearspeech","hatespeech, fearspeech",hatespeech,A3F8RP193M37U9,A34L4OHPHNU8ZK,A1Q9I7VIZZ3RS3,"hatespeech, fearspeech",0,1,hatespeech,1,1,1
actually biggest news would be a nuke going off in the middle of hajj another dead muslim in the hierarchy of any of the named groups is just an opportunity for another feral to take his place,3948117306636774_gab,fearspeech,fearspeech,hatespeech,62,A3JWP6ZBEHJ8AQ,63,fearspeech,0,0,,0,1,0
"When I wrote about a race war, I meant a serious thing: The Govt, the Army, the Police - vast numbers of blacks being trained & given AK47s. I was thinking REAL WAR, big war - with a BIG BUDGET - hundreds of billions of Rands. Secret preparations, etc. Even that scenario, we would survive. We'd have losses.",7196216423644140_gab,normal,hatespeech,"hatespeech, fearspeech",A1Q9I7VIZZ3RS3,A1KOG5Q6XX0DPU,A1X84CLJ7N1PLZ,hatespeech,0,0,,1,1,1
"LMFAO! I'm not even white, but this shit is hilarious!",8338049732534514_gab,hatespeech,normal,normal,A3GCVJINCZ758Y,AP3TMAKHW9G4P,A2FQYXUQ7F8IKK,normal,0,0,,1,1,1
I would suspect that the women aren't allowed to beat the men in chess in Iran.  A bunch of MullahRkey! #IslamIsTheProblem,3610797605421789_gab,hatespeech,hatespeech,hatespeech,AP3TMAKHW9G4P,A14BSOU2Y5JNT0,A29MM3QH9J9AI5,hatespeech,1,1,hatespeech,1,1,1
"Yes and that is a serious issue. I want to explain what Slavery Reparations are people are getting pissed at the Spooks over this but its not the Spooks, its the Jews. The Jews believe the Spooks are stupid and would waste all their money thus putting it in their hands. See Reparations is about turning Whites into penniless homeless beggars while the Jews fleece the Spooks and they end up with all the property and all the money. Say I gave every Negro in America 50 grand. They would go out, buy gold grills and chains at Jewish jewelry stores, they would buy Caddies Lincolns Mercedes Benz at Jewish car lots, they would buy electronics at Jewish stores. Within a year the Reparations would all be in the pocket of Shlomo",10955875460440675_gab,hatespeech,fearspeech,"hatespeech, fearspeech",A1Q9I7VIZZ3RS3,A1CN4UXQNL22OO,A34L4OHPHNU8ZK,"hatespeech, fearspeech",0,0,,1,1,1
MB NEWS: France - Stupid bleeding heart couldn’t care less that she is endangering all her neighbors in Calais by opening her doors to illegal immigrants.Remember her name - It's only a matter of time before they rape and kill her.https://bit.ly/2WhQhaN,9703216047227170_gab,fearspeech,hatespeech,"hatespeech, fearspeech",A1Q9I7VIZZ3RS3,A1KOG5Q6XX0DPU,A2HIXQU15MCLMO,"hatespeech, fearspeech",0,0,,1,1,1
"Have you shot a firearm before? A ""double tap"" with a puny .22LR handgun will not be ""fine"" against a pack of howling niggers carrying AKs.",10522539055944256_gab,hatespeech,"hatespeech, fearspeech",hatespeech,A3TTGSUBIK1YCL,A14BSOU2Y5JNT0,A1HMZJ59OPLD1P,hatespeech,0,1,hatespeech,1,1,1
"Ah, I figured “Angel” was a girl, plus the fact you called him a “cunt”. You don’t need to use language like that, stay above them. Loser, trash, pig, low-life get your point across just as well as “cunt” without offending women!",8877453039625834_gab,normal,hatespeech,hatespeech,A2ZJAEL03VTZ8,A3GCVJINCZ758Y,A1HMZJ59OPLD1P,hatespeech,0,0,,1,1,1
"I don't get it. If you hate your country enough to seek asylum in USA, then why are you holding your flag up high in one hand and throwing rocks with the other? #CloseTheBorderhttps://www.realclearpolitics.com/video/2018/11/26/san_diego_border_patrol_chief_asylum-seekers_would_surrender_not_throw_rocks.html",9170457342071017_gab,normal,hatespeech,normal,A13THSUF9KLI53,AP3TMAKHW9G4P,A1MXDBILWV8RXN,normal,0,0,,1,1,1
Blog op Zondag | Geloofwaardig? http://bit.ly/2nmdNT5  #holocaustherdenking #HolocaustMemorialDay #antisemitisme #Rutte #Rutte3 #Migranten,6558398818826037_gab,fearspeech,normal,normal,AP3TMAKHW9G4P,A14BSOU2Y5JNT0,A3JWP6ZBEHJ8AQ,normal,0,0,,1,1,1
"@JoxuaLuxor islam is not a religion, its a political system aimed at world dominance as stated in their book koran, moslimes are not compatible with the civilized world and should not be allowed in America, period",3284336804033416_gab,hatespeech,fearspeech,"hatespeech, fearspeech",AP3TMAKHW9G4P,A14BSOU2Y5JNT0,A34L4OHPHNU8ZK,"hatespeech, fearspeech",0,0,,1,1,1
White trash have still done more in this world than pavement apes so yeah.....,10326988353973055_gab,hatespeech,hatespeech,hatespeech,A3O5DCGZE1T61D,A1HMZJ59OPLD1P,A1ONFAJRN4I11S,hatespeech,1,1,hatespeech,1,1,1
Let's see if I can post my anti moslem truth here,102442243779245645_gab,hatespeech,hatespeech,hatespeech,A3HJNOCKXFOOVP,A3TTGSUBIK1YCL,A1ONFAJRN4I11S,hatespeech,1,1,hatespeech,1,1,1
we suffer today because of jewsthey hate us more than they hate us that is why they have so much power they don't give a fuck about feelings and compassion break free of your handicaps we have to HATE jews they are the ultimate enemy in life ,8001670029391266_gab,hatespeech,fearspeech,"hatespeech, fearspeech",AI3DAI65C3XPQ,A13THSUF9KLI53,A34L4OHPHNU8ZK,"hatespeech, fearspeech",0,0,,1,1,1
"@Brittney   In Canada, companies can get a $10,000 subsidy for each minority employee they hire...  How are caucasians supposed to compete with that???  #WhitePrivilege ?  In Alberta, schools teach the latter as a fact!  ",2219106700311169_gab,fearspeech,fearspeech,fearspeech,A3MKQ62CNO0MM8,A3TTGSUBIK1YCL,AX10VJDUTF7GA,fearspeech,1,1,fearspeech,1,1,1
The state department and the Supreme court is putting the interest of third world refugees over American citizens. let that sink in.  #Soros #Trump,3515905205044777_gab,fearspeech,fearspeech,fearspeech,A2HIXQU15MCLMO,A2ZRL1ZWWXJ0L7,A1HMZJ59OPLD1P,fearspeech,1,1,fearspeech,1,1,1
"God Lord, Donna. A raghead tranny. And it's supposed to have a husband.",7125804023072441_gab,hatespeech,fearspeech,hatespeech,A3MKQ62CNO0MM8,A3TTGSUBIK1YCL,AX10VJDUTF7GA,hatespeech,0,0,,1,1,1
"The jews are the sole reason for shitty relations between russia and the US. Putin is a nationalist and he is allied with every other nationalist leader but Trump. If the US and Russia allied with the other nationalist leaders in the EU, it would be game over for the EU and the jews know that so one of their primary goals is to create hostile relations between Russia and the US, hopefully leading to a war.",102471307411910311_gab,"hatespeech, fearspeech",hatespeech,"hatespeech, fearspeech",A2W1EIVLN6JCLC,A1KOG5Q6XX0DPU,ANFE3MX7DI3J6,"hatespeech, fearspeech",0,1,hatespeech,1,1,1
"Not if the numbers are big enough. A military coup would work, our Generals must be getting as sick to death of islam as much, if not more so than us! With the military in control, cleansing would be doable.",5391404412170479_gab,hatespeech,"hatespeech, fearspeech","hatespeech, fearspeech",A3JWP6ZBEHJ8AQ,A1KOG5Q6XX0DPU,A2JUTTLDE5LGHH,"hatespeech, fearspeech",0,1,hatespeech,1,1,1
"ATTENTION non-jews: Popular social hacking tactics of evil scumbag piles of shit known as jews: 1. Attempt to scare THE INTELLIGENT into looking away from THE TRUTH by labeling THE TRUTH as ""ignorance"" or similar. An extension of that is the term ""anti-semitic"". That is an extremely important example because White jews AREN'T semitic!!! (Palestinians that israel has been trying to commit genocide against ARE semitic) 2. Attempt to say that people or situations are exactly the opposite of THE TRUTH. Basically similar to tactic 1. Basically evil scumbag piles of shit known as jews seem to be trained to attempt social hacking by trying to use an ""opposite of THE TRUTH"" word game. 3. Say that evil scumbag piles of shit known as jews are ""a race"" when there are minorities nearby to recruit as allies in a conflict against WHITE CHRISTIANS. Then deny that evil scumbag piles of shit known as jews are a race when talking about genocide of Palestinians and anti-brown-and-black immigration regulations in israel. ",10271677653385566_gab,"hatespeech, fearspeech","hatespeech, fearspeech","fearspeech, hatespeech",62,A2HIXQU15MCLMO,63,"hatespeech, fearspeech",0,1,hatespeech,0,1,0
Remember this? The (EX-)POTUS stands so tall & spews such bullshit & the zombies smile & clap in support of a deserter & traitor-turned-muslim.Obama was so proud...If I had a son.... http://www.thegatewaypundit.com/2016/12/worst-president-ever-obama-released-taliban-5-current-whereabouts-unknown/,3962054006674610_gab,hatespeech,hatespeech,hatespeech,A3O5DCGZE1T61D,A14BSOU2Y5JNT0,A1ONFAJRN4I11S,hatespeech,1,1,hatespeech,1,1,1
"From reported terrorist attacks to silence over child sexual abuse by ""asians"" and Turkey moving the borders in Syria, this is the week in words.http://www.dagpost.com/en/2017/04/07/whats-happening-this-year-week-14/#news #politics #Syria",3995687406782043_gab,hatespeech,normal,normal,A2ZRL1ZWWXJ0L7,A14BSOU2Y5JNT0,A1HMZJ59OPLD1P,normal,0,0,,1,1,1
Why aren't the radio station's owners not being indicted?UK: Muslim radio station loses license after broadcasting calls to jihad violence https://www.jihadwatch.org/2017/07/uk-muslim-radio-station-loses-license-after-broadcasting-calls-to-jihad-violence,4976309110235888_gab,fearspeech,fearspeech,hatespeech,A3TTGSUBIK1YCL,A2HIXQU15MCLMO,A3JSUDRKVVV0QK,fearspeech,0,0,,1,1,1
"Asian sex gang supporters threaten to rape female lawyers | UK | News | Express.co.ukOoohhh, it’s the Asians!...I knew it!...:/https://www.express.co.uk/news/uk/1094537/asian-gang-sex-rape-female-lawyersvia @GabDissenter",10021301850415524_gab,fearspeech,fearspeech,"hatespeech, fearspeech",A2HIXQU15MCLMO,61,63,fearspeech,0,1,fearspeech,1,0,0
How can one take oath to defend Constitution and let Muslims be Muslims? #inauguration #QuranObedience #muhammadWorship#banislam,3291275404059271_gab,normal,"hatespeech, fearspeech",hatespeech,A1Q9I7VIZZ3RS3,A2JUTTLDE5LGHH,A2Y2TURT2VEYZN,hatespeech,0,0,,1,1,1
I'm willing to bet you are a nigger. you certainly have the low IQ of a nigger and the reasoning power of a nigger,11022005261165814_gab,hatespeech,hatespeech,hatespeech,A2FO6J0H70OW05,A3TTGSUBIK1YCL,A17EHWQND2HPWE,hatespeech,1,1,hatespeech,1,1,1
"It all depends on what they declassify.  If they bury the jewels in dung, few will look.  If they display the jewels and eschew the dung, the SociCrats will want the dung revealed to muddy the waters and distract. We will see.TWO SOURCES: DECLASSIFICATIONS START THIS WEEK, MAYBE TOMORROW! JUSTICE IS AROUND THE CORNER! - YouTubehttps://www.youtube.com/watch?v=yIFud4m9feE",102533432368643735_gab,hatespeech,normal,"hatespeech, fearspeech",A1Q9I7VIZZ3RS3,A2JUTTLDE5LGHH,A34L4OHPHNU8ZK,hatespeech,0,0,,1,1,1
islam is not even a true religion. it is a political and societal set of rules and instructions. these are geared towards the brutally violent take over of non-Islamic lands resulting in the genocide of any that refuse to convert followed by the brutal control of every aspect of human life. that control follows the indoctrination of the very worst in human behavior wrapped in a poor excuse for a Word of God.the doctrine of the Fallen.,10097910551334966_gab,fearspeech,"hatespeech, fearspeech","hatespeech, fearspeech",AP3TMAKHW9G4P,A14BSOU2Y5JNT0,A2MAGMY4JMDD3V,"hatespeech, fearspeech",0,1,fearspeech,1,1,1
"William,  I love the passion.  However,  the USA immigration is fucked.  You do know we have Muslims  refugees in the  Congress . Does Japan  have Muslims in thier Government. ",10565524956385706_gab,fearspeech,hatespeech,fearspeech,A2ZRL1ZWWXJ0L7,A3O5DCGZE1T61D,A3MKQ62CNO0MM8,fearspeech,0,0,,1,1,1
we are less than 300 years and we still cant manage our corruption nearly as well as the Chinese--they are thieves and money hoarders--don't do business with them--they will take your underwear--and smile like you will come back--arabs are the same--they will go as far as we let them--,4312107707760411_gab,fearspeech,fearspeech,fearspeech,A3JWP6ZBEHJ8AQ,A1HMZJ59OPLD1P,A1ONFAJRN4I11S,fearspeech,1,1,fearspeech,1,1,1
By the way Frank J Buds Jr. is a fucking coward. He was wrong with all his shit talking and then the pussy blocked me so I couldn't respond. What a little girl...,10517856255904586_gab,normal,hatespeech,hatespeech,A2ZRL1ZWWXJ0L7,A3O5DCGZE1T61D,A1HMZJ59OPLD1P,hatespeech,0,0,,1,1,1
Meryl Streep is so retarded she's gonna be kidnapped by 4 black Chicago teenagers,3248328403868699_gab,hatespeech,fearspeech,"hatespeech, fearspeech",A1ONFAJRN4I11S,A3TTGSUBIK1YCL,A1HMZJ59OPLD1P,"hatespeech, fearspeech",0,0,,1,1,1
"1)People hate you.2) you alienated half the country by calling us deplorable, racists3) you are a cunthttp://www.foxnews.com/politics/2017/04/07/hillary-clinton-blames-comey-wikileaks-and-misogyny-for-2016-loss.html",3998161306787541_gab,hatespeech,hatespeech,normal,A2FQYXUQ7F8IKK,A2JUTTLDE5LGHH,AEVDGQNTQ0AGE,hatespeech,0,0,,1,1,1
"Well, pretty soon you may end up with a face full of acid while you listen to your wife being gang raped by muslims if you don't protest now. The IRA was effective in protesting the British Government, British men can be too. ",10541263256145097_gab,fearspeech,hatespeech,hatespeech,A3MKQ62CNO0MM8,A14BSOU2Y5JNT0,AB77P0ABU54TS,hatespeech,0,0,,1,1,1
Rabbi Meir Kahane: Lack of Ahavat Yisrael among U.S. Jews responsible for the holocaust (JTF video): https://youtu.be/9RNkArBPPGY ,10937549660239354_gab,normal,normal,normal,A376DD71XY793G,A30QFNE9O4DF4D,AX10VJDUTF7GA,normal,1,1,normal,1,1,1
 The UN agency for Palestinian refugees on Friday expressed concern after Jerusalem’s Israeli mayor said he would remove it from the city...https://www.breitbart.com/news/israel-to-remove-un-palestinian-agency-from-jerusalem/,8717525837554124_gab,normal,normal,normal,A1MXDBILWV8RXN,A3JQ2LIT3E4TA2,A3LFB7XLW00Q61,normal,1,1,normal,1,1,1
I just got 7 days in Facebook jail for calling muslims...towelheads lol,10100566651374127_gab,hatespeech,hatespeech,hatespeech,AP3TMAKHW9G4P,A14BSOU2Y5JNT0,A2MAGMY4JMDD3V,hatespeech,1,1,hatespeech,1,1,1
"The tweet that got me suspended on twitter: @robelec Welja. ga mijn 'vuilspuiterij 'aanpakken, terwijl moslims, aanhangers van deathcult islam dagelijks onschuldige mensen vermoorden. Fuck off! No idea what's wrong with it. Everything in it is true. Twitter never has heard of Beslan I guess (185 kids...dead...by muslims, because of islam)",7092374722829386_gab,fearspeech,"hatespeech, fearspeech",fearspeech,A3TTGSUBIK1YCL,A34L4OHPHNU8ZK,ARQR5NIFA1AJ,fearspeech,0,1,fearspeech,1,1,1
"Assassinations, increased crime, rape, fear, and sharia zones. These are the consequences of multiculturalism and open doors for immigrants. Swedes are fleeing their country to find peace and normality in Poland.”https://www.infowars.com/swedish-minister-attacks-polish-mep-who-claimed-people-fleeing-sweden/",102603894294405689_gab,fearspeech,hatespeech,fearspeech,A2ZRL1ZWWXJ0L7,A1KOG5Q6XX0DPU,A3JWP6ZBEHJ8AQ,fearspeech,0,0,,1,1,1
"_it has become fashionable of late to blame our classically liberal order for the ills that afflict American conservatism_ Since it is untethered to nationalism or a sense of local community, the internatl liberal order is to blame for many of the US' current ills. Allowing American companies to entirely offshore their manufacturing or services to the Third World while also retaining the status of an American company was a huge mistake. Allowing the American business establishment to push for increased legal and illegal immigration while also never effectively punishing American employers that hired illegal aliens was a huge mistake. Adventurism in foreign wars while also having a naive belief that other countries want or are able to embrace individual rights and representative govt was a huge mistake. Conservatives wanting to lose with dignity while culture and politics shift ever leftward was a huge mistake. The fact that American conservatism failed to recognize and address these faults in the liberal order is precisely why American conservatism needs - nay, cannot survive without - a healthy injection of nationalism and populism (devolution of power & a political movement oriented towards the average citizen).The Post-Liberals’ Incoherence | National Reviewhttps://www.nationalreview.com/magazine/2019/07/08/the-post-liberals-incoherence/ via @GabDissenter",10968270660569542_gab,fearspeech,normal,normal,A3TTGSUBIK1YCL,AV88K2R595B4O,A3JSUDRKVVV0QK,normal,0,0,,1,1,1
I'm becoming extremely concerned and infuriated by what is happening in this country.    Where is the justice?  Why is Tommy R persecuted when jihadies are allowed back into our country and the Muslim Brotherhood are acting as advisers to the British Army?  WTF!   Its a nightmare and I now look around me and wonder how it happened and what the hell can we do a bout it!Brexit: Police warn MPs and campaigners not to inflame tensions - BBC Newshttps://www.bbc.co.uk/news/uk-47806365 via @GabDissenter,10278449053460158_gab,fearspeech,"hatespeech, fearspeech",fearspeech,A3TTGSUBIK1YCL,A15SJZQBR8I3B3,A2ZRL1ZWWXJ0L7,fearspeech,0,1,fearspeech,1,1,1
"Forget even trying people, it's an old boys club and trying to appeal will only give them more of your money unless your an immigrant or part of the LGBT community in which case they will bend over backwards to help you. I tested the law, its broken        Complain about a judge, magistrate, tribunal member or coroner - GOV.UK https://www.gov.uk/complain-judge-magistrate-tribunal-coroner via @GabDissenter",10332491954023266_gab,fearspeech,hatespeech,fearspeech,A3JWP6ZBEHJ8AQ,A3GCVJINCZ758Y,A2NSS746CFCT4M,fearspeech,0,0,,1,1,1
Charge all those involved with trafficking illegal immigrantsOne presidential contender needs to be made an example of,102406045325102789_gab,normal,normal,normal,A2FQYXUQ7F8IKK,A30QFNE9O4DF4D,ANFE3MX7DI3J6,normal,1,1,normal,1,1,1
"the one with the swirly blood all over the floor? yeah, muslims tortured the audience, hacked bits off victims bodies, a real blood fest that the french authorities and westerns media tried to cover up .. the traitors",10537251056105857_gab,fearspeech,"hatespeech, fearspeech","hatespeech, fearspeech",A3MKQ62CNO0MM8,A1ONFAJRN4I11S,A14BSOU2Y5JNT0,"hatespeech, fearspeech",0,1,fearspeech,1,1,1
Hey...I'm a twitter refugee too...found out I was being banned big time! Nice to see you here...following of course :) @son_follower1,8142236830502816_gab,normal,hatespeech,normal,A3GCVJINCZ758Y,A3TTGSUBIK1YCL,A1HMZJ59OPLD1P,normal,0,0,,1,1,1
"https://youtu.be/HrscwJYO8G8 Camilia is a first phase feminist, an atheist, a lesbian.  While I dont agree with her religious views or her pro-abortion stance, I agree with her on her lislike of the current upper class’ & middle class’ bourgeoise, the poison & evilness of “ toxic masclinity” & her liking of Hell’s angels,  She appreciates men for being men.",7290418824357582_gab,normal,normal,normal,A1MXDBILWV8RXN,A3JQ2LIT3E4TA2,A3LFB7XLW00Q61,normal,1,1,normal,1,1,1
"卐 “The Jewish doctrine of Marxism rejects the aristocratic principle of Nature and replaces the eternal privilege of power and strength with the mass of numbers and their dead weight. Thus it denies personal worth, contests the significance of folk and race, and thereby withdraws from mankind premise for its existence and culture.”―Mein Kampf 卐https://www.youtube.com/watch?v=rkE8z4-ovXo #marxism #jews",10153383952044611_gab,"hatespeech, fearspeech","hatespeech, fearspeech","hatespeech, fearspeech",A2FQYXUQ7F8IKK,A2JUTTLDE5LGHH,A34L4OHPHNU8ZK,"hatespeech, fearspeech",1,1,hatespeech,1,1,1
Western medicine is Rockefeller medicine – all the way.http://freedom-articles.toolsforfreedom.com/western-medicine-rockefeller-medicine/#doctors #medical #medicine #vaccine #fraud #jews,5398563912205872_gab,hatespeech,hatespeech,hatespeech,A2QPMJ4GADLUW2,A2U53YHFUIT60P,A3ENNVSWZIXWDG,hatespeech,1,1,hatespeech,1,1,1
"#Hispanics and #Negroes killing White Senior Citizens an epidemic???""We are constantly bombarded with news about vulnerable women and children crossing our southern border, but what about our own vulnerable senior citizens! Why aren’t we hearing about them!""https://fraudscrookscriminals.com/2019/08/11/illinois-nursing-home-sued-over-abuse-of-elderly-dementia-patient/",102599480522981649_gab,fearspeech,"hatespeech, fearspeech",fearspeech,A2ZRL1ZWWXJ0L7,A1KOG5Q6XX0DPU,A2JUTTLDE5LGHH,fearspeech,0,1,fearspeech,1,1,1
"Some one said, ""if you allow homosexual marriage in the US to be legal, you will open the door for degeneracy in the future."".  That person was laughed out of the room - so to speak.  He was correct (he meaning m or f).",10294047153638102_gab,fearspeech,hatespeech,hatespeech,A2ZJAEL03VTZ8,A3GCVJINCZ758Y,A3JWP6ZBEHJ8AQ,hatespeech,0,0,,1,1,1
"I think that one industry is going to boom now: teddy bear and candle makers. They represent the ONLY expansion aimed at fighting the growing tide of Islamic terrorism. Place bets with them and buy stocks before your children, your friends and you get murdered by peaceful refugees and gentle giants",4394068708046003_gab,fearspeech,"hatespeech, fearspeech",fearspeech,A13THSUF9KLI53,A3JWP6ZBEHJ8AQ,A1OPJ5I9BF44QH,fearspeech,0,1,fearspeech,1,1,1
@Ricky_Vaughn99 ellison is a muslim and uses taqiyya (lying) to advance/protect islam.  He uses the same tactic to advance/protect progressivism.#FUCKislam,2784683001662972_gab,"hatespeech, fearspeech","hatespeech, fearspeech",hatespeech,AX10VJDUTF7GA,A34L4OHPHNU8ZK,AT3G8S6WF9F1C,"hatespeech, fearspeech",0,1,hatespeech,1,1,1
"Worrying facts1) MI5 claim that there are 3,000 potential jihaddi's in the UK 2) 850 Brits travelled to Syria - only 200 dead3) Anjem Choudary is still alive4) 13 plots foiled since 2013 5) 100's of jihaddis in UK prisons6) Near weekly jihaddi arrests#britfam #manchester #islam ",4398027608061552_gab,fearspeech,"hatespeech, fearspeech",fearspeech,A15SJZQBR8I3B3,A34L4OHPHNU8ZK,APN0SGH1NPXX1,fearspeech,0,1,fearspeech,1,1,1
"Homosexuals and their enablers quote Ezk 16:49 to prove that God didn't destroy Sodom for homosexuality. Scripture interprets Scripture, and Scripture must be read in context with careful attention paid to each word. To know why God destroyed Sodom, it's important to examine all the Scripture verses regarding Sodom and its abominable practices. Keep in mind that Sodom was destroyed by God himself. The only other time God directly intervened in bringing judgment He destroyed the world with a flood. According to Jude 7 and 2Peter 2:6, God destroyed Sodom to be an example of what happens when a society accepts homosexuality as normal. God destroyed Sodom with fire and brimstone from heaven chiefly because of homosexuality (Gen. 19:4-5, 24).Christ mentioned Sodom and not the other cities, not only because it went beyond them all in brutality and cruelty, but also because God destroyed Sodom in an extraordinary manner so that it would serve as an example to all ages, and its very name would be associated with gross immorality, utter depravity, and deep-seated wickedness.The words ""sodomy"" and ""sodomite"" are derived from the Canaanite city of Sodom.",10379945454537260_gab,hatespeech,hatespeech,"hatespeech, fearspeech",A20F1SLHKHBUT3,A1X84CLJ7N1PLZ,A3F8RP193M37U9,hatespeech,0,1,hatespeech,1,1,1
" Serious question – if slavery is forced labor by threat of violence, and AOC  and her fellow ideologues want a 70% marginal tax rate on certain people ( read  The carefully manufactured evil “other”)- how is that not 70% slavery, thus morally indefensible?  What cognitive dissonance allows this?This is really a serious question – whatever  type of thinking produces that, I truly do not comprehend it.",10004371750209941_gab,normal,normal,normal,A2FO6J0H70OW05,AP3TMAKHW9G4P,A17EHWQND2HPWE,normal,1,1,normal,1,1,1
"It was pointed out frequently that most people don't realize it's a slur. I changed the language specifically because someone pointed the fact out ""white supremacist"" is a slur to me.At this point you're just looking for reasons to be angry. May as well go to Twitter if you want to engage in mob mentality and actively search for reasons to be angry. That's all I'm saying.",10253948453189531_gab,hatespeech,normal,normal,AX10VJDUTF7GA,A15QPJ7RZ06F1K,A30QFNE9O4DF4D,normal,0,0,,1,1,1
"""In late July around 600 migrants stormed the fence. Police were helpless against them and reported more violence than ever from the refugees, who attacked with homemade flamethrowers, quicklime and grappling hooks.""https://www.dw.com/en/hundreds-of-migrants-scale-spanish-enclave-fence/a-45976287",8866019339465491_gab,fearspeech,hatespeech,fearspeech,A1Q9I7VIZZ3RS3,A1KOG5Q6XX0DPU,A2HIXQU15MCLMO,fearspeech,0,0,,1,1,1
They are trying to completely degrade the white males in our country and it's fucking disgusting!! ,10029680150520403_gab,fearspeech,fearspeech,hatespeech,A3JWP6ZBEHJ8AQ,A3GCVJINCZ758Y,A14BSOU2Y5JNT0,fearspeech,0,0,,1,1,1
"Really Daniel? WE have nukes, too. Still fear muslims. Nuking 1 billion people would make the planet uninhabitable for the rest of us. Not really an option. ",10249237053150656_gab,"hatespeech, fearspeech",hatespeech,fearspeech,A1ONFAJRN4I11S,A3JSUDRKVVV0QK,A1IL2K0ELYI090,"hatespeech, fearspeech",0,0,,1,1,1
"S`true.I once got banned by a UK newspaper, for life, and threatened with my employer &/or the police being contacted, for suggesting a way to put-off extremist muslims from becoming terrorists.Even the gaming site `Steam` often bans you for life from some forums if you are openly Heterosexual.",4332455107823605_gab,fearspeech,hatespeech,fearspeech,A3JWP6ZBEHJ8AQ,A3GCVJINCZ758Y,A1HMZJ59OPLD1P,fearspeech,0,0,,1,1,1
"The option is, wether we believe it or not, that it might be a case of revengemurder, and when people tried helping her, they were shot too. I’m sertainly not ruling out terrorism... But revengemurder is an islamic tradition too... I now hear stuff about thjetsnia? wtf and isis, my first guess would be terrorism though...",10134958351810249_gab,fearspeech,"hatespeech, fearspeech","hatespeech, fearspeech",A3F8RP193M37U9,A30QFNE9O4DF4D,A34L4OHPHNU8ZK,"hatespeech, fearspeech",0,1,fearspeech,1,1,1
"News in late 2018:""Yesterday, there was NO islamic terror attack. Are they brewing up something bigger?""",5395591212195972_gab,fearspeech,hatespeech,fearspeech,A1Q9I7VIZZ3RS3,A1KOG5Q6XX0DPU,A3JWP6ZBEHJ8AQ,fearspeech,0,0,,1,1,1
"Carlos, you are not thinking, Jews are white men, you may not like it but it is true! Also it is precisely those Jews who created everything! Intelligence ranks Jews, Asian, whites, Spanish and blacks in the bottom. Don't bother getting upset with me, do the research. It is not nice, it is not kind but unfortunately it is true!",7906133028700616_gab,hatespeech,hatespeech,fearspeech,A2ZRL1ZWWXJ0L7,A2HIXQU15MCLMO,A1HMZJ59OPLD1P,hatespeech,0,0,,1,1,1
Click on picture to see the whole thing. Gab apparently still hasn't fixed shit. This popular Democrat has called for violence and death to all supporters of Trump. Same cock suckers who want to take your guns see you as an evil that needs to be snuffed out. This is the same game Atheist dictators pulled in the past. Remove your guns then remove YOU. These faggots are predators. They're pissed and in rage for not having power. Don't let them convince you they do what they do for the good of mankind. They would kill you for disagreeing with them.,102580415688849749_gab,fearspeech,"hatespeech, fearspeech","hatespeech, fearspeech",A3TTGSUBIK1YCL,A14BSOU2Y5JNT0,A376DD71XY793G,"hatespeech, fearspeech",0,1,fearspeech,1,1,1
Love your enemies. Do good to those who hate you.,10960436360487437_gab,normal,normal,normal,A3O5DCGZE1T61D,A1ONFAJRN4I11S,A3MKQ62CNO0MM8,normal,1,1,normal,1,1,1
"South Korea refuses #Muslim Refugees- "" We protect our women from sexual assaults""America should follow example @POTUS45 http://ladylibertysnews.com/boom-south-korea-refuses-allow-muslim-refugees-prefer-protect-women-sexual-assault/",4234580007504795_gab,fearspeech,"hatespeech, fearspeech",fearspeech,A3TTGSUBIK1YCL,A3JWP6ZBEHJ8AQ,A1ONFAJRN4I11S,fearspeech,0,1,fearspeech,1,1,1
"It's fucking gay for Trudeau to implement some gay gun ban law before the election, that's so fucking sneaky and shit, like, why punish the rest of us for the actions of that Christchurch faggot?",10596805856745488_gab,hatespeech,hatespeech,hatespeech,AV88K2R595B4O,A14BSOU2Y5JNT0,A3MKQ62CNO0MM8,hatespeech,1,1,hatespeech,1,1,1
if the arabs in gaza had leaders that cared they would have water ... u moron ,7712398927323933_gab,hatespeech,normal,normal,A3MKQ62CNO0MM8,A15SJZQBR8I3B3,A3F8RP193M37U9,normal,0,0,,1,1,1
When the Socialist candidates all raised their hands for free healthcare for illegals - thousands of new caravans started forming from every 3rd world Country around the  world. We are going to be invaded by massive numbers of diseased illiterate immigrants.  What are Democrats thinking?,11025818961215855_gab,"hatespeech, fearspeech","hatespeech, fearspeech",hatespeech,A3F8RP193M37U9,A34L4OHPHNU8ZK,A2ZRL1ZWWXJ0L7,"hatespeech, fearspeech",0,1,hatespeech,1,1,1
"Then they can be gay niggers with each other if they desire it so much. They don't need a straight white man to tell them what to do, they aren't slaves anymore. I mean why do they have a bunch of neurotic niggers about it? Do they secretly desire to be slaves again? ",8725236837657502_gab,hatespeech,hatespeech,hatespeech,A2FO6J0H70OW05,AV88K2R595B4O,A1Q9I7VIZZ3RS3,hatespeech,1,1,hatespeech,1,1,1
How brainwashed so many are. To think that #plasticstraws are a bigger threat than #illegalImmigration is simply retarded.  We seriously have a responsibility to educate our citizens because they're so indoctrinated and misinformed by the #FakeNews https://www.prageru.com/videos/should-we-ban-plastic-straws ,8329099132401204_gab,fearspeech,fearspeech,fearspeech,A2HIXQU15MCLMO,A3TTGSUBIK1YCL,A1HMZJ59OPLD1P,fearspeech,1,1,fearspeech,1,1,1
#Europe need to learn from #GenghisKhan and start spreading terror on the #Muslim #refugees as violence is the only thing that the Muslims understand. Genghis Khan knew that very well and it's a shame that he didn't destroy #Islam totallyhttps://www.youtube.com/watch?v=XJqk8-GWBkU,3320651304193029_gab,hatespeech,"hatespeech, fearspeech",fearspeech,AX10VJDUTF7GA,A34L4OHPHNU8ZK,A3TTGSUBIK1YCL,"hatespeech, fearspeech",0,0,,1,1,1
LGBT rights activists defy flags protesters provocation - YouTubeAhh I see. We'll homosexual the British to death. I get it. One more thing. When can we expect Soros Fein to bring up this agenda at one of our weekly Free Palestine marches. https://www.youtube.com/watch?v=V7p5AZtWbV8&t=5svia @GabDissenter,9998001550147489_gab,hatespeech,"hatespeech, fearspeech",normal,AP3TMAKHW9G4P,AV88K2R595B4O,A1Q9I7VIZZ3RS3,hatespeech,0,0,,1,1,1
The Minneapolis city officials are trying to figure how to make downtown Minneapolis safer. Well they can ban niggers downtown after dark. That would be about the only way.,102461022094967805_gab,hatespeech,hatespeech,"hatespeech, fearspeech",A2FQYXUQ7F8IKK,A1CNESCNUMXOJ6,A2JUTTLDE5LGHH,hatespeech,0,1,hatespeech,1,1,1
"I trust the Jew to run a psyop on retards while they co-opt the ""truth"" movement. ",9606676046182674_gab,"hatespeech, fearspeech","hatespeech, fearspeech","hatespeech, fearspeech",A3F8RP193M37U9,A30QFNE9O4DF4D,AQNCH42WD4ITI,"hatespeech, fearspeech",1,1,hatespeech,1,1,1
"French government has paid nearly $600,000 in welfare benefits to Islamic State jihadishttps://www.jihadwatch.org/2017/10/french-government-has-paid-nearly-600000-in-welfare-benefits-to-islamic-state-jihadis",5760347413882744_gab,normal,hatespeech,normal,A3O5DCGZE1T61D,A14BSOU2Y5JNT0,A1ONFAJRN4I11S,normal,0,0,,1,1,1
"Say It Aint So...Illegal immigrants, who dodged California ICE raid after Dem mayor's tip-off, re-arrested for new crimesDeport Them All & Build The Wall.We Do Have A Legal Immigration Process, Just Incase You All Forgot.http://fxn.ws/2IE7cxj #FoxNews",7000934822119642_gab,fearspeech,"hatespeech, fearspeech",hatespeech,A3TTGSUBIK1YCL,A34L4OHPHNU8ZK,ARQR5NIFA1AJ,"hatespeech, fearspeech",0,0,,1,1,1
"""They force THEIR desires upon us""With social media and the worldwide good will of average men & women we might even end up forcing rightfulness and good conduct upon them. That is why we need to keep OUR internet censorship-free in order to assure the information flow steady. We can fix this shit.",4909871010015840_gab,normal,normal,normal,A2ZRL1ZWWXJ0L7,A1KOG5Q6XX0DPU,AEVDGQNTQ0AGE,normal,1,1,normal,1,1,1
Does London's Muslim mayor consider this increase to be just a part of life-a new norm and nothing to do with an increase in Muslim refugee population?  It would be nice to know.‪BBC News - London knife crime rises to four-year high http://www.bbc.com/news/uk-england-london-37412508‬,4345609007868219_gab,fearspeech,fearspeech,hatespeech,A2FO6J0H70OW05,A34LAVR18EPIH5,A3JSUDRKVVV0QK,fearspeech,0,0,,1,1,1
@USMC-DevilDog No I doubt many here want to kill everyone who stands against our views. We need to wake up as many folks as possible. Deport all muslims. And show the others we aren't taking anymore shit. Those that want to fight or kill shall die by the sword. IMO ,3251577203889892_gab,"hatespeech, fearspeech",hatespeech,"hatespeech, fearspeech",A2C6OFU00UCEER,A3LFB7XLW00Q61,AX10VJDUTF7GA,"hatespeech, fearspeech",0,1,hatespeech,1,1,1
The World Health Organisation (WHO) is organising a massive smallpox vaccination programme for millions of Africans. This vaccine contains an admixture of HIV / AIDS so that a Jew-supported population reduction program can begin among the rapidly growing poor black population.#depopulation #jewsterrorist,102537621987664159_gab,hatespeech,"hatespeech, fearspeech",fearspeech,A3O5DCGZE1T61D,A1ONFAJRN4I11S,A3MKQ62CNO0MM8,"hatespeech, fearspeech",0,0,,1,1,1
"So true,Gabi gets it,to a degree,still a little socialist maybe? I like her,a vet,if anyone understands stupid warfare,she is it.I think its funny watching the dems attack pervy guy though.What a creep! So they can push Kamala,now THATS a piece of work there!Cher recalls hug with Joe Biden, says it was 'fine' but cautions him to respect 'women's space' | Fox Newshttps://www.foxnews.com/entertainment/cher-recalls-hug-with-joe-biden-says-it-was-fine-but-cautions-him-to-respect-womens-space via @GabDissenter",10298831753680326_gab,hatespeech,normal,normal,A1Q9I7VIZZ3RS3,A2JUTTLDE5LGHH,A34L4OHPHNU8ZK,normal,0,0,,1,1,1
"Serious question: How often would you say that you interact with blacks below you on the socio-economic ladder?My opinion is based on anecdotal evidence but since part of my job involves collecting demographic information from a sample population, I am almost certain that these numbers are fudged.",5717736313689228_gab,normal,normal,normal,A13THSUF9KLI53,A3O5DCGZE1T61D,ASQ460H8M8OOT,normal,1,1,normal,1,1,1
"Take Assad out. Have the Greater Israel project completed. Then have mk ultra ""suicide bombers"" obliterate Europe. You can all die for all i care. Your kids, too. You don't deserve to live. You are all a bunch of retarded monkeys. You never deserved civilization. Go back up your trees. Over and out.",3992008406766222_gab,fearspeech,hatespeech,"hatespeech, fearspeech",A13THSUF9KLI53,AV88K2R595B4O,A3MKQ62CNO0MM8,"hatespeech, fearspeech",0,0,,1,1,1
To be honest she may be a disgrace and a problem to society but I do not have time to worry about her. The world as we know it is about to end as muslims take over and force sharia law on us infidels in conjunction with the New World Order Time to fight back,3623882205482157_gab,fearspeech,fearspeech,fearspeech,A2ZJAEL03VTZ8,A3JWP6ZBEHJ8AQ,A1HMZJ59OPLD1P,fearspeech,1,1,fearspeech,1,1,1
So a fake jew hiding behind the crimes committed against real jews.... hmmmm saving Israel for last keeps building and building.......,10578769256545109_gab,fearspeech,"hatespeech, fearspeech",hatespeech,A3TTGSUBIK1YCL,A34L4OHPHNU8ZK,A2ZRL1ZWWXJ0L7,"hatespeech, fearspeech",0,0,,1,1,1
"""A Syrian refugee who fled the civil war said he feels at home in a mid Wales seaside town after learning Welsh.""What makes a race is not language but blood.https://www.bbc.co.uk/news/av/uk-wales-49125916/syrian-welsh-learner-we-speak-with-friends-in-both-languages#race #AH #britfam #purity #whitecountry #whitepride",102512148716775403_gab,normal,"hatespeech, fearspeech","hatespeech, fearspeech",A2FQYXUQ7F8IKK,A2JUTTLDE5LGHH,A34L4OHPHNU8ZK,"hatespeech, fearspeech",0,0,,1,1,1
"Alt-right coping: ""Stop black pilling us, relax! Trump's just going to cluster bomb a bunch of towel heads, flee, Assad will take over, and it totally won't cause World War III or anything.""So it's OK if an idiot betrays his core supporters, as long as he betrays us in a half-assed manner. Gotcha. I'm not even sure how half you remember how to breathe.",7211060123775499_gab,hatespeech,hatespeech,"hatespeech, fearspeech",AP3TMAKHW9G4P,A1HMZJ59OPLD1P,A1X84CLJ7N1PLZ,hatespeech,0,1,hatespeech,1,1,1
"Fuck the Jews in Australia. They are Ashkenazis, the fake jews. They cry out victim victim over the Holohoax. Remove these fake jews from this planet and we can all live in peace without bankers and debts.While some Jewish Australians are on the rich list, nearly one in five live in poverty - ABC News (Australian Broadcasting Corporation)https://www.abc.net.au/news/2019-06-23/jewish-australians-on-rich-list-but-one-in-five-in-poverty/11211270 via @GabDissenter",10967427260562512_gab,hatespeech,"hatespeech, fearspeech","hatespeech, fearspeech",A1Q9I7VIZZ3RS3,A1CN4UXQNL22OO,A34L4OHPHNU8ZK,"hatespeech, fearspeech",0,1,hatespeech,1,1,1
"8/ So when it comes to China or North Korea he's letting them know the game rules. ""Hey China if you want to have a trade imbalance with us that's fine but 'what have you done for me lately'. Take care of that bitch North Korea.""",3183090703566143_gab,hatespeech,hatespeech,normal,A1ONFAJRN4I11S,A2MAGMY4JMDD3V,A2ZRL1ZWWXJ0L7,hatespeech,0,0,,1,1,1
"Threats and Terrorism:Users are prohibited from calling for the acts of violence against others, promoting or engaging in self-harm,......  SELF-HARM don't you know what that means?  my god i can't believe you are telling me to kill myself...",10257547453236827_gab,normal,fearspeech,fearspeech,A1ONFAJRN4I11S,A3JSUDRKVVV0QK,A1IL2K0ELYI090,fearspeech,0,0,,1,1,1
"""I will let aliens decide what I am allowed to say; I will vote for my own impoverishment; I will allow our girls to be enslaved and gang-raped; I will consign my descendants to centuries of suffering at the hands of their ethnic adversaries; I will do anything you want; just don't compare me to Adolf Hitler, I can't take that!"" - White People",7920041028796124_gab,hatespeech,hatespeech,fearspeech,AP3TMAKHW9G4P,A14BSOU2Y5JNT0,A1HMZJ59OPLD1P,hatespeech,0,0,,1,1,1
"#Ireland  --  Slave State to the European Union.> Small town forced to take so many mass migrants it increased its population by a third.> Residents afraid to speak up or be called ""racists"". Waiting until you are overwhelmed to speak up? Ok.> Rents in Ireland up 70% over last decade... but always space for mass migrants that hate you, just becuz.> Irish PM offering to take in more than EU quota. Vassals of the Reich.http://www.breitbart.com/london/2018/03/07/people-tiny-irish-town-taking-hundreds-migrants-no-say-scared-called-racist/",7819400528079429_gab,fearspeech,fearspeech,fearspeech,A3JWP6ZBEHJ8AQ,A1ONFAJRN4I11S,A3MKQ62CNO0MM8,fearspeech,1,1,fearspeech,1,1,1
"If any of you American right wingers, are going to do a spree shooting...which won't help the cause right now in anyway....but if you are, will you assholes at least pick a proper target.....Target Jew media or  American politicians or the federal reserve.... That Anti Christian Communist Jew Sarah Silverman,you would think has a bulls eye on her back.....lol.....lmaoDon't target spic common joes and janes ....or hip hoppy africans,,...takeout the real problem....",102578393095489646_gab,"hatespeech, fearspeech","hatespeech, fearspeech",hatespeech,A3F8RP193M37U9,A2JUTTLDE5LGHH,A1Q9I7VIZZ3RS3,"hatespeech, fearspeech",0,1,hatespeech,1,1,1
 @TheGayRepublican <-- These nasty creatures just don't put any effort to read peoples timelines before they do a follow and there's so many things wrong with this faggot that makes it oven worthy. Faggots are pedophiles and there's no room for compromising with this filth.,6549102718764827_gab,"hatespeech, fearspeech",hatespeech,hatespeech,A13THSUF9KLI53,AP3TMAKHW9G4P,A1X84CLJ7N1PLZ,hatespeech,0,1,hatespeech,1,1,1
"Make a big scene it works demand... tell them you need to see a doctor or you will kill yourself.  They will jump through hoops then, waiting in quiet desperation doesn't work. ",4966603910200268_gab,"fearspeech, normal",normal,normal,A3F8RP193M37U9,AV88K2R595B4O,A3HGZDLMCKGPSE,normal,0,1,normal,1,1,1
"This is how you do it. Stop watching, stop buying, stop supporting anyone spouting left retard policies...http://www.breitbart.com/big-journalism/2018/03/01/february-ratings-sean-hannity-top-cnn-chris-cuomo-bottom/ ",6835451120780477_gab,fearspeech,"hatespeech, fearspeech",normal,A3TTGSUBIK1YCL,A3JWP6ZBEHJ8AQ,A2ZRL1ZWWXJ0L7,fearspeech,0,0,,1,1,1
I was asked what jobs were Mexicans taking away from University Grads.  I replied to him why was he being racist against Mexicans. There are plenty of jobs that university grads are qualified for that Mexican immigrants are currently doing. ,3422349504645863_gab,hatespeech,"hatespeech, fearspeech",fearspeech,AX10VJDUTF7GA,A34L4OHPHNU8ZK,A3TTGSUBIK1YCL,"hatespeech, fearspeech",0,0,,1,1,1
So #Gab is retarded when typing into the box. There is a really bad lag. It's because it's uploading everything you type as you type it. Along wth everything you all type too. It's becoming a real ball-ache @support: anything can be done to fix this? It's like a 20 second delay here #Slow,3213946703709112_gab,normal,normal,normal,A3TTGSUBIK1YCL,A1HMZJ59OPLD1P,A376DD71XY793G,normal,1,1,normal,1,1,1
"I know that it is targeted at the white race, and is not Christianity. But religious wars are one good way to distract the majority. ",10519438955918182_gab,"hatespeech, fearspeech",fearspeech,fearspeech,A3F8RP193M37U9,A30VOAZX8XTNGW,AP3TMAKHW9G4P,fearspeech,0,1,fearspeech,1,1,1
"As much as I am angered seeing these refugees invade Europe, America played a big role in destabilizing the middle east. It is very hard for me to judge these people when U.S. war campaigns were likely what caused them to be refugees in the first place. ",4172009207315580_gab,fearspeech,fearspeech,fearspeech,62,A3JWP6ZBEHJ8AQ,63,fearspeech,1,1,fearspeech,0,1,0
"The first thing I think when I meet a new woman is, ‘I wonder how often this broad goes to the gym.’ The answer I arrive at each time is, ‘Not enough.’Women mostly look like wet rag dolls of flab and boobs all wrapped in a fabric casing that cost ten times more than it should. How the fuck is a flannel shirt $89 at American Apparel? Since when did lumberjacks and lesbians spend more than a steak dinner on their work clothes? I don’t know, but it’s happening.",10939349260263556_gab,hatespeech,hatespeech,hatespeech,A3F8RP193M37U9,AV88K2R595B4O,A1Q9I7VIZZ3RS3,hatespeech,1,1,hatespeech,1,1,1
Our priest said that this woman may become a US martyr. She stood on her marriage vows and was killed because of it. May God grant eternal rest to her. Condolences to friends and family. Well wishes for the other 2 women assaulted in the attack.  https://www.catholicnewsagency.com/news/gunman-kills-one-at-catholic-store-in-missouri-26096,9158531841945862_gab,"fearspeech, normal",normal,normal,A1Q9I7VIZZ3RS3,A1KOG5Q6XX0DPU,A47QHTQNUTOVL,normal,0,1,normal,1,1,1
"Allow? The ""N word""? You understand it's just a word... let me ask you again.. why do you self censor? I think context is more important that the word used. If i start spamming nigger nigger nigger mindlessly.. what does that mean? From the context of people in the USA it's a form of hate speech, for me from eastern EU it's just a derogatory word for black African.",8538655435221295_gab,hatespeech,normal,hatespeech,A3O5DCGZE1T61D,A14BSOU2Y5JNT0,A1ONFAJRN4I11S,hatespeech,0,0,,1,1,1
"Just so people are aware, just because I'm a high ranking member of that community, I am a heterosexual, normal male who likes women. I am also currently Pro-MAGA. After all, I was booted from the online portion of their community.",10063664350939767_gab,normal,fearspeech,normal,A3JWP6ZBEHJ8AQ,A3TTGSUBIK1YCL,A15SJZQBR8I3B3,normal,0,0,,1,1,1
"She then went on to rant about how ""they"" hated people like her & wanted to put her back in chains. I didn't respond to her, but I wanted to ask: Are ur rights really so fragile that a few rednecks dancing around with flags are going 2 undo decades of progress since the Civil Rights Movement? (2/2)",4812357809674751_gab,normal,normal,hatespeech,AP3TMAKHW9G4P,A14BSOU2Y5JNT0,A3MKQ62CNO0MM8,normal,0,0,,1,1,1
"White label Cryptocurrency ExchangeCreating a cryptocurrency exchange can take a lot of time and resources, but that’s not the same with a white label cryptocurrency exchange solution. Rebrand ready-to-use cryptocurrency exchanges that are fully customizable to meet your business’s needs with Blockchain App Factory.Check More @ https://www.blockchainappfactory.com/cryptocurrency-exchange-software",102581130455272915_gab,normal,normal,normal,A2ZRL1ZWWXJ0L7,A3O5DCGZE1T61D,A1HMZJ59OPLD1P,normal,1,1,normal,1,1,1
For all the guys out there that say guns make women sexy. ,8511919034866794_gab,normal,normal,normal,AEFJAJ6H67WNU,A1KOG5Q6XX0DPU,A2JUTTLDE5LGHH,normal,1,1,normal,1,1,1
i've notice a trend of far right personalities becoming less militant-- successfully scared off by the jew who destroyed their platforms and income streams.  now they like euphemism.  now they want to be just like Tucker.  now they eschew violence.  they tow the line of whatever the terms of service say.  they must realize this will never work.,8454558834110112_gab,fearspeech,"hatespeech, fearspeech",fearspeech,A2HIXQU15MCLMO,A1KOG5Q6XX0DPU,A1HMZJ59OPLD1P,fearspeech,0,1,fearspeech,1,1,1
"Without a deadly hatred of that which threatens what we love, love is an empty catchword for hippies, queers, and cowards.    -- Rockwell, G. L.",8092272330089362_gab,hatespeech,hatespeech,hatespeech,A14BSOU2Y5JNT0,A2ZRL1ZWWXJ0L7,AX10VJDUTF7GA,hatespeech,1,1,hatespeech,1,1,1
And yet you not only claim that abortion is wrong but that it’s wrong because it means more burgers. I suppose you’re one of these retards who think eating eggs is immoral because killing a chicken fetus is evil but obviously like all braindead lefties killing a human fetus is perfectly fine ,11000856960921913_gab,fearspeech,hatespeech,"hatespeech, fearspeech",A1MXDBILWV8RXN,AV88K2R595B4O,A34L4OHPHNU8ZK,"hatespeech, fearspeech",0,0,,1,1,1
" @andieiamwhoiam These people weren't imported to rape and pillage, pee on the sidewalk. They are a replacement population.This is their report! Governments KNOW THIS!http://www.un.org/en/development/desa/population/publications/ageing/replacement-migration.shtmlhttps://o4anews.com/czech-pm-barbarian-hordes-removed-europe/",8900729539930399_gab,"hatespeech, fearspeech","hatespeech, fearspeech","hatespeech, fearspeech",A39IS26165EUTS,A2HIXQU15MCLMO,ANFE3MX7DI3J6,"hatespeech, fearspeech",1,1,hatespeech,1,1,1
"The gov't here is complicit with the UN, the EU and the arabs in doing everything they can to harm Israel. That includes allowing about 50K invaders from sudan and erytrea to stay and cause chaos. They destroyed south Tel Aviv, so the gov't dispersed them out into the periphery to destroy the rest of the country.",9070214741156759_gab,fearspeech,fearspeech,fearspeech,A3TTGSUBIK1YCL,A1HMZJ59OPLD1P,A2HIXQU15MCLMO,fearspeech,1,1,fearspeech,1,1,1
Joe #Biden is a traitor that should be raped to death in prison!Remember #Extortion17,102395911985330141_gab,hatespeech,hatespeech,hatespeech,A3GCVJINCZ758Y,A3TTGSUBIK1YCL,A1HMZJ59OPLD1P,hatespeech,1,1,hatespeech,1,1,1
"On the left(black &white) a young girl rape and lilled like shit by a mligrantThe daughter of an European Elite who do not even care about her death and want more migrants.On the Right, a French Girl (worst than tchernobil and auschtwitz)Who fighted for her country and lost an eye!(Not for a Jew War meatballs sheeple send in a foreign desert! For Her own Country)#YellowVests#RIC#Liberty",9931692649472443_gab,fearspeech,hatespeech,fearspeech,A2FO6J0H70OW05,AV88K2R595B4O,A2HIXQU15MCLMO,fearspeech,0,0,,1,1,1
There are NO zionists planning to kill all non-zionists. I don't give a shit if they feel the need to be financially successful. Their success only makes my world better.,10601277656783152_gab,normal,normal,normal,AV88K2R595B4O,A14BSOU2Y5JNT0,A3MKQ62CNO0MM8,normal,1,1,normal,1,1,1
don't get fucking sidetracked jews are and always will be the fucking enemy of everyone jews are pure fucking evil you have to wake the fuck up ,8227050731279101_gab,"hatespeech, fearspeech",hatespeech,"hatespeech, fearspeech",A13THSUF9KLI53,AI3DAI65C3XPQ,A2MAGMY4JMDD3V,"hatespeech, fearspeech",0,1,hatespeech,1,1,1
@wocassity that bitch and all her friends need to go..today..to hell. No #libcucks needed to run OUR country?,2423681400662514_gab,normal,"hatespeech, fearspeech",normal,A2HIXQU15MCLMO,A34L4OHPHNU8ZK,A2ZRL1ZWWXJ0L7,normal,0,0,,1,1,1
"""We the People"" means something to so many people who actually give a shit about our country. ""We the People"" stands for our red blooded American loving  equal rights for all patriots who stand for the Flag and kneel for the cross, respect their women, respect freedom of speech, and right to bare arms amongst everything else. ""We the People"" holds a lot of meaning behind it. ",10569873556444371_gab,normal,normal,normal,A1Q9I7VIZZ3RS3,A1GQRJVWSIT2RC,A1KOG5Q6XX0DPU,normal,1,1,normal,1,1,1
It's time for the militias to get ready.  It's obvious we either roll over and take it in the ass while our woman and children are being raped and murders or we giver the fucking invaders and domestic enemies so much heartburn they retreat. ,9065203941111839_gab,hatespeech,"hatespeech, fearspeech",fearspeech,A1Q9I7VIZZ3RS3,A1KOG5Q6XX0DPU,A1HMZJ59OPLD1P,"hatespeech, fearspeech",0,0,,1,1,1
"Another week in #Sweden filled with shootings and explosions .. and in somewhat related news, the police in Uppsala telling women not to go outside alone because it's not safe. Of course, staying at home isn't completely safe either since there's an increasing amount of homes being shot up. So what will the Swedish police recommend next? That people leave the country?",102591775892727688_gab,normal,normal,normal,A2FQYXUQ7F8IKK,A2JUTTLDE5LGHH,A3SR7LK7TH1B6F,normal,1,1,normal,1,1,1
Fuck you EA. Fuck right off.Signed - a white manhttps://clips.twitch.tv/ObservantIronicCheddarImGlitch,8484316834496044_gab,normal,hatespeech,normal,AEFJAJ6H67WNU,A1KOG5Q6XX0DPU,A2JUTTLDE5LGHH,normal,0,0,,1,1,1
"That and leverage, it's the negro version of the hollacost.",9936783549512877_gab,fearspeech,hatespeech,fearspeech,A3TTGSUBIK1YCL,AP3TMAKHW9G4P,A2SUBE14MAZ17P,fearspeech,0,0,,1,1,1
"Some people, their IQ, is so low, they should actually not speak at all.But hey, freedom of speech, means freedom of speech.It's up to us, to tell them how mentally retarded they actually are.",10317658353873969_gab,hatespeech,normal,hatespeech,AX10VJDUTF7GA,A34L4OHPHNU8ZK,A1HMZJ59OPLD1P,hatespeech,0,0,,1,1,1
"15/http://archive.is/6KF4CMIKE SR.'S PAST, CONT'D:However, this IS consistent with a Norwegian, and not a Jew.Many Norwegian immigrants came to North Dakota, and very few Jews. HOWEVER, it still doesn't explain why he would have 'liked' the JEWISH STANDARD (and Chuck Schumer, and why he seemed to have VERY FEW GENTILE FRIENDS!!!)",7050692422507042_gab,normal,normal,normal,A1ONFAJRN4I11S,AP3TMAKHW9G4P,AX10VJDUTF7GA,normal,1,1,normal,1,1,1
"You need to reconsider your statement.  Jesus the man, or Jesus the God, the Christ Consciousness.  But, I don't debate religion.  We either fight together, pagan and Christian, or we are going to be made extinct by the arabs and the Jews, who are able to transcend their religious differences in their mutual quest to destroy Europe and America, and our race. ",8345904332655700_gab,hatespeech,fearspeech,"hatespeech, fearspeech",AP3TMAKHW9G4P,A14BSOU2Y5JNT0,A3MKQ62CNO0MM8,"hatespeech, fearspeech",0,0,,1,1,1
"‘Do not deport us, they will kill us,’ Iranian refugees beg Turkish authoritieshttp://www.hurriyetdailynews.com/do-not-deport-us-they-will-kill-us-iranian-refugees-beg-turkish-authorities-132768",7656883526959271_gab,fearspeech,normal,normal,A2HIXQU15MCLMO,61,63,normal,0,0,,1,0,0
"Wasn't it a false flag attack, perpetrated by actual two muslims?",3418705704627640_gab,fearspeech,"hatespeech, fearspeech",fearspeech,A2ZRL1ZWWXJ0L7,A1KOG5Q6XX0DPU,A3JWP6ZBEHJ8AQ,fearspeech,0,1,fearspeech,1,1,1
"KAMALA HARRIS said Trump is conducting a "".....Campaign of terrorism......"", against illegal aliens.Since I support President Trump's immigration plans and programs..   I PROUDLY ANNOUNCE............I AM A TERRORIST!!👍",102600651602916715_gab,fearspeech,fearspeech,hatespeech,A3TTGSUBIK1YCL,A1HMZJ59OPLD1P,A3MKQ62CNO0MM8,fearspeech,0,0,,1,1,1
"#Delaware: State Trooper's Killer a ""budding #jihadist"", Quoted #Quran During Standoff https://creepingsharia.wordpress.com/2017/05/09/del-state-trooper-killed-by-koran-quoting-muslim/ via @creepingsharia #GabFam #MAGA #News #Muslim #Islam",4276858707633399_gab,fearspeech,"hatespeech, fearspeech","hatespeech, fearspeech",A15SJZQBR8I3B3,A34L4OHPHNU8ZK,APN0SGH1NPXX1,"hatespeech, fearspeech",0,1,fearspeech,1,1,1
"And you thought you had Obama as a leader? That little burnt pretzel???Sniggers...Oprah, would swallow him, whole! His missus literally has more balls. He should be playing in the dirt, like the rest still are. Eight years of forced racism, and here we are. Lock that CUNT up. #auspol #MAGA ",10949314560373764_gab,hatespeech,hatespeech,hatespeech,A14BSOU2Y5JNT0,A2T2C4XGKBOM5J,AX10VJDUTF7GA,hatespeech,1,1,hatespeech,1,1,1
"Once if you linked Molochwood to violence you would be mocked. Now because you dare not see the black demographic 10 to 25 as devoid of human empathy, you blame social media for the abyss of Chicago, Baltimore and a disabled man let to drown in Melbourne. You're a liberal and that's what you do",4924186210055259_gab,normal,normal,fearspeech,A3JWP6ZBEHJ8AQ,A3O5DCGZE1T61D,A1HMZJ59OPLD1P,normal,0,0,,1,1,1
"VIDEO (Language Warning)Catching a Child Sexual Predator Pedophile (married father of 3).....gets caught, shot, & smashed in sting!""He almost raped my little sister""..!https://youtu.be/pbELpTyd_HI#Pizzagate ",10271420953382152_gab,hatespeech,normal,normal,A1Q9I7VIZZ3RS3,A1KOG5Q6XX0DPU,A2JUTTLDE5LGHH,normal,0,0,,1,1,1
"Gruesome Afghan Muslim Rape Marathon in Swedish refugee camp, Socialist-' It's racism to expel them' https://bit.ly/2XT4vDl",102469424207550484_gab,"hatespeech, fearspeech",hatespeech,hatespeech,A3F8RP193M37U9,AV88K2R595B4O,A14BSOU2Y5JNT0,hatespeech,0,1,hatespeech,1,1,1
"Not really. Have you read the Koran and the Hadiths? Have you met many Somali Muslims? I've met several (mostly in U.S. Universities) who told me that homosexuals should be sentenced to death, but that the state should execute them, not independent Muslims. It's the worst ideology possible. And look at what ISIS did (when the USA funded them into power) they threw gays off buildings. So, we're not imagining it.",10067373050987560_gab,fearspeech,fearspeech,normal,A3LFB7XLW00Q61,A3TTGSUBIK1YCL,A15SJZQBR8I3B3,fearspeech,0,0,,1,1,1
"Jews are destroying the world through degeneracy, mass migration, and weaponizing blacks = ""how great your race only is""(?)lol",8432955633835694_gab,"hatespeech, fearspeech",hatespeech,"hatespeech, fearspeech",A3F8RP193M37U9,AV88K2R595B4O,A2T2C4XGKBOM5J,"hatespeech, fearspeech",0,1,hatespeech,1,1,1
A 12-year-old girl was raped by Muslim school principal & 3 Muslim teachers in India. #GabFam #Trump's #MuslimBan #NOMoreMuslimshttp://indianexpress.com/article/india/12-yr-old-girl-raped-by-principal-three-teachers-in-bihar-4477155/,3309776404141507_gab,"hatespeech, fearspeech","hatespeech, fearspeech",fearspeech,A1Q9I7VIZZ3RS3,A2JUTTLDE5LGHH,A3JWP6ZBEHJ8AQ,"hatespeech, fearspeech",0,1,fearspeech,1,1,1
"yes i fucked up i left YHWH  in my trail of discovery like any i trod the trial back but forgot to remove as i came to the conclusion we are gods children , until the jew trys to be a pedophile or trys to groom us ps some one just said more or less , he is the coward he blocked you the wants to say shit knowing you can not reply , what a shit jew trick is that ",7898177828642430_gab,hatespeech,fearspeech,"hatespeech, fearspeech",AI3DAI65C3XPQ,A13THSUF9KLI53,A34L4OHPHNU8ZK,"hatespeech, fearspeech",0,0,,1,1,1
The plot thickens in Poughkeepsie! Local elected officials not informed about refugee arrival https://refugeeresettlementwatch.wordpress.com/2016/11/03/the-plot-thickens-in-poughkeepsie-local-elected-officials-not-informed-about-refugee-arrival/ via @wordpressdotcom,2669924001323354_gab,normal,normal,normal,A2HIXQU15MCLMO,61,63,normal,1,1,normal,1,0,0
"Things that make pavement apes uncomfortable - infinite reasons why humans are digusted by smelly burr-headed sambos.Excerpt from the ape's book: ""MUP DA DOO DIDDA PO MO GUB BIDDA BE DAT TUM MUHFUGEN BIX NOOD COF BIN DUB HO MUHFUGGA""http://www.breitbart.com/sports/2018/01/30/release-date-set-anthem-protester-michael-bennetts-book-things-make-white-people-uncomfortable/",6577390618964525_gab,hatespeech,normal,hatespeech,A3TTGSUBIK1YCL,A34L4OHPHNU8ZK,A2ZRL1ZWWXJ0L7,hatespeech,0,0,,1,1,1
"To all the real women out there who neither give nor take any bullshit, this should make you proud of how you stand apart from your lazier, spiteful, and unfeminine sisters.  Have a laugh at their expense.  After all, you know they're jealous of you and would throw you under the bus if they could.XD",102594383399371895_gab,"hatespeech, fearspeech",fearspeech,hatespeech,A1ONFAJRN4I11S,A3JSUDRKVVV0QK,AX10VJDUTF7GA,"hatespeech, fearspeech",0,0,,1,1,1
"Same thing that made your libtard mother think it was ok to plague this earth with another antfia homo like you rather than doing the whole world a favor with a coat hanger.  I guess love doesn't always win, it just gets triggered on the internet with its pants around its ankles in momma's basement.  Whatta faggot.",10994937760851532_gab,normal,hatespeech,hatespeech,A3GCVJINCZ758Y,AP3TMAKHW9G4P,A3MKQ62CNO0MM8,hatespeech,0,0,,1,1,1
"School shootings, muslim terror (but not allowed to acknowledge it), human trafficking, can't show a man's point of view, horrible music...No sir, this isn't the Nation that I grew up in & loved.  But hey, at least President Hussein has assured us that the economy & job market are robust!",3233461203802081_gab,fearspeech,fearspeech,hatespeech,A1Q9I7VIZZ3RS3,A2HIXQU15MCLMO,A14BSOU2Y5JNT0,fearspeech,0,0,,1,1,1
"Compare the Haitians. AFAIK for all their many, many, many, many problems, they aren't neurotic about slavery like US blacks, because it was something they freed themselves from, with their own blood, sweat, and tears. US blacks had to be rescued like damsels in distress by Yankee crusaders.",2196394800270696_gab,hatespeech,normal,hatespeech,A2ZRL1ZWWXJ0L7,A3O5DCGZE1T61D,A1HMZJ59OPLD1P,hatespeech,0,0,,1,1,1
Up to 350 jihadists have returned to the UK from ISIS-held Syria http://dailym.ai/2q5OQiO via @MailOnline,5718815313694784_gab,normal,normal,normal,A1Q9I7VIZZ3RS3,A2JUTTLDE5LGHH,A2Y2TURT2VEYZN,normal,1,1,normal,1,1,1
He’s the kind of asshole that would go “cycling for peace” through Somalia to prove that all cultures are inherently good. He would get raped on day 2.,10021857250423352_gab,normal,normal,hatespeech,A2ZJAEL03VTZ8,A3GCVJINCZ758Y,A1HMZJ59OPLD1P,normal,0,0,,1,1,1
"https://www.youtube.com/watch?v=nDsoyyJn1jU Just be aware, asians, they will be coming for you next.",8381135033151501_gab,normal,normal,fearspeech,A3TTGSUBIK1YCL,A2HIXQU15MCLMO,A1ONFAJRN4I11S,normal,0,0,,1,1,1
"Apparently the only things holding back blacks & other minorities from being the Kangz that they once were are words, micro-aggressions & statues. What sort of highborn people allow themselves to be held back by such trivial things? #AltRight#JQ#StopWhiteGenocide",5208548011194086_gab,fearspeech,"hatespeech, fearspeech",fearspeech,A1Q9I7VIZZ3RS3,A34L4OHPHNU8ZK,A3JWP6ZBEHJ8AQ,fearspeech,0,1,fearspeech,1,1,1
Isn’t Sweden just a magical place? All of those third-world “refugees” have really brightened the place up!,7501752925845101_gab,hatespeech,hatespeech,normal,A1PNDILZWOX425,A1KOG5Q6XX0DPU,A2JUTTLDE5LGHH,hatespeech,0,0,,1,1,1
"Harold Hill stabbing: Jodie Chesney, 17, dies in park attack - BBC NewsWhoa! We won't be letting our kids go to local parks soon due to the violence breeding in our country. People can't call out kids for hanging around causing a nuisance of themselves anymore through fear of attack. But 'stop and search' is still controversial. WTF is happening with the people running our country... GROW A PAIR FFS! Stop wasting time on tracking hate speech online and get bobbies back on the beat - simples.https://www.bbc.co.uk/news/uk-england-london-47426738via @GabDissenter",10002032850191281_gab,"hatespeech, fearspeech",fearspeech,hatespeech,AP3TMAKHW9G4P,AV88K2R595B4O,A1Q9I7VIZZ3RS3,"hatespeech, fearspeech",0,0,,1,1,1
People are starting to see through the gay agenda...bout time.silly faggots want to cry so bad. That election was a real turning point wasnt it...,6854866520955225_gab,hatespeech,"hatespeech, fearspeech",hatespeech,A2HIXQU15MCLMO,A34L4OHPHNU8ZK,A1HMZJ59OPLD1P,hatespeech,0,1,hatespeech,1,1,1
"More youtube pro-muslim censorship, they've removed over 170,000 dislikes from their 'pity me' refugee video and over 50,000 comments so far. 90% military aged men, 5% women, 5% children. Invasion can only get so clear before you have a gun in your face. https://www.youtube.com/watch?v=2eoX3xtzs3Q",4649269009092198_gab,fearspeech,"hatespeech, fearspeech",fearspeech,A3JWP6ZBEHJ8AQ,A1KOG5Q6XX0DPU,A1HMZJ59OPLD1P,fearspeech,0,1,fearspeech,1,1,1
"Bots going like crazy as well. I respect your candor and point of view. These days I identify mostly as Roman Catholic, despite the queer problem in the Church. I've come to believe we need a return of Christian kings; you can't get smaller government than one man. This is just a fun pastime for me as well, maybe I can network and get writing gigs.",11020509661156234_gab,fearspeech,fearspeech,normal,A3GCVJINCZ758Y,A3TTGSUBIK1YCL,A1HMZJ59OPLD1P,fearspeech,0,0,,1,1,1
Labor to offer comprehensive domestic violence support plan | Sky News AustraliaLooks like the false allegations are going to go thought the roof if Labor gets in.https://www.skynews.com.au/details/_6009530559001?fbclid=IwAR1sL4Iruv0nmKuq2ZcU1YD9NYpMuBOEkzrU1U7P0rGUZntyUbrtDngVZxYvia @GabDissenter,10011747550295019_gab,normal,normal,normal,A2FQYXUQ7F8IKK,AV88K2R595B4O,A1HMZJ59OPLD1P,normal,1,1,normal,1,1,1
An advertisment movie by Telia causes riots and bomb threaths vs Telia.The movie shows a female undressing a hijab and one putting on a hijab.Muslims did not like the part where the female undressed her hijab.Telia boikottes etter en angivelig islamofobisk og rasistisk reklame  - Resetthttps://resett.no/2019/04/02/telia-boikottes-etter-en-angivelig-islamofobisk-og-rasistisk-reklame/ via @GabDissenter,10264074553305028_gab,hatespeech,"hatespeech, fearspeech",normal,AP3TMAKHW9G4P,A14BSOU2Y5JNT0,A1HMZJ59OPLD1P,hatespeech,0,0,,1,1,1
"#Islam I find myself utterly flabbergasted and truly confused in the state of Great Britain as it is right now. What was once a great empire that had influenced and colonized almost all of the world, now has left its walls unguarded and its gates opened. I find it disheartening how they allow themselves to be invaded by savages and even defend them for the actions they have committed on British women and children. Has the West forgotten that these Heathens were the same ones that had slaughtered their venerated ancestors, enslaved their women, and desecrated the Holy Land where our lord and saviour Jesus Christ had once preached and walked upon?",102442595437822235_gab,fearspeech,hatespeech,"hatespeech, fearspeech",A1Q9I7VIZZ3RS3,A1KOG5Q6XX0DPU,A30QFNE9O4DF4D,"hatespeech, fearspeech",0,0,,1,1,1
@BelongaMike just looked at topbuzz. So much pro muslim propaganda I had to uninstall it.,102489249284360764_gab,fearspeech,normal,fearspeech,A3TTGSUBIK1YCL,A1HMZJ59OPLD1P,A3MKQ62CNO0MM8,fearspeech,0,0,,1,1,1
I think the biggest retards are the Rinos  who do not support Trump and Paul Ryan. We cannot do their job for them. Way I look at it DT has less than 30 days to expose the criminal Deep state and Demons orball will change in 2019. ,9194073042306093_gab,normal,normal,hatespeech,A1Q9I7VIZZ3RS3,A1KOG5Q6XX0DPU,A47QHTQNUTOVL,normal,0,0,,1,1,1
"Just finished first year of uni and managed to barely pass. Meanwhile the UK is going to shit, Macaron is conquering France with a sea of immigrants and I'm losing hope in humanity. Good to be back.",4540047108658495_gab,fearspeech,fearspeech,hatespeech,A3JWP6ZBEHJ8AQ,A14BSOU2Y5JNT0,A2MAGMY4JMDD3V,fearspeech,0,0,,1,1,1
